{"cameraMode":{"drawMode":0,"name":"Shaded","section":"Shading Mode"},"sceneLighting":true,"audioPlay":false,"sceneViewState":{"m_AlwaysRefresh":false,"showFog":true,"showSkybox":true,"showFlares":true,"showImageEffects":true,"showParticleSystems":true,"showVisualEffectGraphs":true,"m_FxEnabled":true},"in2DMode":false,"pivot":{"x":1.5061880350112916,"y":-1.397120714187622,"z":7.635989189147949},"rotation":{"x":0.0958910882472992,"y":0.07457749545574188,"z":-0.007207400631159544,"w":0.9925728440284729},"size":10.622328758239746,"orthographic":false}